LPA,-0.8658,0.0000,-0.5004,0
RPA,0.8658,0.0000,-0.5004,0
Nz,0.0000,0.9134,-0.4072,0
Fp1,-0.3075,0.9504,-0.0471,0
Fpz,0.0000,0.9998,-0.0210,0
Fp2,0.3075,0.9504,-0.0471,0
AF9,-0.5124,0.7236,-0.4624,0
AF7,-0.5848,0.8081,-0.0701,0
AF5,-0.5053,0.8565,0.1051,0
AF3,-0.3704,0.8959,0.2453,0
AF1,-0.1962,0.9211,0.3364,0
AFz,-0.0000,0.9297,0.3683,0
AF2,0.1951,0.9214,0.3361,0
AF4,0.3704,0.8959,0.2453,0
AF6,0.5053,0.8565,0.1051,0
AF8,0.5843,0.8085,-0.0700,0
AF10,0.5121,0.7241,-0.4621,0
F9,-0.7025,0.5234,-0.4823,0
F7,-0.8050,0.5867,-0.0881,0
F5,-0.7419,0.6357,0.2132,0
F3,-0.5671,0.6771,0.4691,0
F1,-0.3064,0.7049,0.6398,0
Fz,0.0000,0.7146,0.6996,0
F2,0.3062,0.7044,0.6404,0
F4,0.5664,0.6775,0.4693,0
F6,0.7417,0.6356,0.2142,0
F8,0.8045,0.5874,-0.0881,0
F10,0.7025,0.5234,-0.4823,0
FT9,-0.8244,0.2741,-0.4952,0
FT7,-0.9460,0.3083,-0.1001,0
FC5,-0.8970,0.3384,0.2843,0
FC3,-0.6974,0.3642,0.6173,0
FC1,-0.3806,0.3816,0.8423,0
FCz,0.0000,0.3874,0.9219,0
FC2,0.3806,0.3816,0.8423,0
FC4,0.6974,0.3642,0.6173,0
FC6,0.8970,0.3384,0.2843,0
FT8,0.9460,0.3083,-0.1001,0
FT10,0.8244,0.2741,-0.4952,0
T9,-0.8658,0.0000,-0.5004,0
T7,-0.9946,0.0000,-0.1041,0
C5,-0.9510,0.0000,0.3093,0
C3,-0.7432,0.0000,0.6691,0
C1,-0.4063,-0.0000,0.9137,0
Cz,0.0000,0.0000,1.0000,0
C2,0.4072,0.0000,0.9134,0
C4,0.7431,0.0000,0.6691,0
C6,0.9510,0.0000,0.3093,0
T8,0.9946,0.0000,-0.1041,0
T10,0.8658,0.0000,-0.5004,0
TP9,-0.8244,-0.2741,-0.4952,0
TP7,-0.9460,-0.3083,-0.1001,0
CP5,-0.8970,-0.3384,0.2843,0
CP3,-0.6974,-0.3642,0.6173,0
CP1,-0.3806,-0.3816,0.8423,0
CPz,0.0000,-0.3874,0.9219,0
CP2,0.3806,-0.3816,0.8423,0
CP4,0.6974,-0.3642,0.6173,0
CP6,0.8970,-0.3384,0.2843,0
TP8,0.9457,-0.3092,-0.1001,0
TP10,0.8244,-0.2741,-0.4952,0
P9,-0.7025,-0.5234,-0.4823,0
P7,-0.8050,-0.5867,-0.0881,0
P5,-0.7419,-0.6357,0.2132,0
P3,-0.5671,-0.6771,0.4691,0
P1,-0.3064,-0.7049,0.6398,0
Pz,0.0000,-0.7146,0.6996,0
P2,0.3062,-0.7044,0.6404,0
P4,0.5664,-0.6775,0.4693,0
P6,0.7417,-0.6356,0.2142,0
P8,0.8045,-0.5874,-0.0881,0
P10,0.7025,-0.5234,-0.4823,0
PO9,-0.5124,-0.7236,-0.4624,0
PO7,-0.5848,-0.8081,-0.0701,0
PO5,-0.5053,-0.8565,0.1051,0
PO3,-0.3704,-0.8959,0.2453,0
PO1,-0.1962,-0.9211,0.3364,0
POz,0.0000,-0.9297,0.3683,0
PO2,0.1951,-0.9214,0.3361,0
PO4,0.3704,-0.8959,0.2453,0
PO6,0.5053,-0.8565,0.1051,0
PO8,0.5843,-0.8085,-0.0700,0
PO10,0.5121,-0.7241,-0.4621,0
O1,-0.3075,-0.9504,-0.0471,0
Oz,0.0000,-0.9998,-0.0210,0
O2,0.3075,-0.9504,-0.0471,0
I1,-0.2701,-0.8584,-0.4362,0
Iz,-0.0000,-0.9134,-0.4072,0
I2,0.2701,-0.8584,-0.4362,0
AFp9h,-0.4331,0.8633,-0.2591,0
AFp7h,-0.4124,0.9110,-0.0070,0
AFp5h,-0.3152,0.9457,0.0791,0
AFp3h,-0.1982,0.9699,0.1411,0
AFp1h,-0.0670,0.9826,0.1731,0
AFp2h,0.0680,0.9826,0.1731,0
AFp4h,0.1982,0.9699,0.1411,0
AFp6h,0.3152,0.9457,0.0791,0
AFp8h,0.4133,0.9106,-0.0070,0
AFp10h,0.4335,0.8630,-0.2593,0
AFF9h,-0.6734,0.6834,-0.2821,0
AFF7h,-0.6794,0.7324,0.0450,0
AFF5h,-0.5627,0.7809,0.2713,0
AFF3h,-0.3712,0.8165,0.4423,0
AFF1h,-0.1300,0.8360,0.5330,0
AFF2h,0.1290,0.8362,0.5331,0
AFF4h,0.3714,0.8168,0.4414,0
AFF6h,0.5633,0.7805,0.2712,0
AFF8h,0.6788,0.7329,0.0451,0
AFF10h,0.6738,0.6828,-0.2823,0
FFT9h,-0.8479,0.4375,-0.2993,0
FFT7h,-0.8765,0.4743,0.0821,0
FFC5h,-0.7515,0.5134,0.4143,0
FFC3h,-0.5064,0.5434,0.6695,0
FFC1h,-0.1780,0.5601,0.8091,0
FFC2h,0.1780,0.5601,0.8091,0
FFC4h,0.5056,0.5437,0.6699,0
FFC6h,0.7519,0.5136,0.4135,0
FFT8h,0.8765,0.4743,0.0821,0
FFT10h,0.8482,0.4371,-0.2991,0
FTT9h,-0.9393,0.1510,-0.3081,0
FTT7h,-0.9811,0.1642,0.1021,0
FCC5h,-0.8528,0.1792,0.4905,0
FCC3h,-0.5783,0.1901,0.7934,0
FCC1h,-0.2042,0.1972,0.9589,0
FCC2h,0.2049,0.1969,0.9588,0
FCC4h,0.5783,0.1901,0.7934,0
FCC6h,0.8531,0.1790,0.4901,0
FTT8h,0.9812,0.1640,0.1020,0
FTT10h,0.9393,0.1510,-0.3081,0
TTP9h,-0.9393,-0.1510,-0.3081,0
TTP7h,-0.9811,-0.1642,0.1021,0
CCP5h,-0.8528,-0.1792,0.4905,0
CCP3h,-0.5783,-0.1901,0.7934,0
CCP1h,-0.2042,-0.1972,0.9589,0
CCP2h,0.2049,-0.1969,0.9588,0
CCP4h,0.5783,-0.1901,0.7934,0
CCP6h,0.8531,-0.1790,0.4901,0
TTP8h,0.9812,-0.1640,0.1020,0
TTP10h,0.9393,-0.1510,-0.3081,0
TPP9h,-0.8479,-0.4375,-0.2993,0
TPP7h,-0.8765,-0.4743,0.0821,0
CPP5h,-0.7515,-0.5134,0.4143,0
CPP3h,-0.5064,-0.5434,0.6695,0
CPP1h,-0.1780,-0.5601,0.8091,0
CPP2h,0.1780,-0.5601,0.8091,0
CPP4h,0.5056,-0.5437,0.6699,0
CPP6h,0.7519,-0.5136,0.4135,0
TPP8h,0.8765,-0.4743,0.0821,0
TPP10h,0.8482,-0.4371,-0.2991,0
PPO9h,-0.6734,-0.6834,-0.2821,0
PPO7h,-0.6794,-0.7324,0.0450,0
PPO5h,-0.5627,-0.7809,0.2713,0
PPO3h,-0.3712,-0.8165,0.4423,0
PPO1h,-0.1300,-0.8360,0.5330,0
PPO2h,0.1290,-0.8362,0.5331,0
PPO4h,0.3714,-0.8168,0.4414,0
PPO6h,0.5633,-0.7805,0.2712,0
PPO8h,0.6788,-0.7329,0.0451,0
PPO10h,0.6738,-0.6828,-0.2823,0
POO9h,-0.4331,-0.8633,-0.2591,0
POO7h,-0.4124,-0.9110,-0.0070,0
POO5h,-0.3152,-0.9457,0.0791,0
POO3h,-0.1982,-0.9699,0.1411,0
POO1h,-0.0670,-0.9826,0.1731,0
POO2h,0.0680,-0.9826,0.1731,0
POO4h,0.1982,-0.9699,0.1411,0
POO6h,0.3152,-0.9457,0.0791,0
POO8h,0.4133,-0.9106,-0.0070,0
POO10h,0.4335,-0.8630,-0.2593,0
OI1h,-0.1500,-0.9611,-0.2320,0
OI2h,0.1502,-0.9610,-0.2322,0
Fp1h,-0.1552,0.9873,-0.0340,0
Fp2h,0.1562,0.9871,-0.0340,0
AF9h,-0.5604,0.7826,-0.2712,0
AF7h,-0.5523,0.8334,0.0210,0
AF5h,-0.4435,0.8780,0.1802,0
AF3h,-0.2871,0.9103,0.2981,0
AF1h,-0.0991,0.9276,0.3602,0
AF2h,0.0991,0.9279,0.3594,0
AF4h,0.2862,0.9106,0.2982,0
AF6h,0.4435,0.8780,0.1802,0
AF8h,0.5516,0.8339,0.0200,0
AF10h,0.5604,0.7826,-0.2712,0
F9h,-0.7701,0.5671,-0.2921,0
F7h,-0.7885,0.6114,0.0660,0
F5h,-0.6673,0.6573,0.3502,0
F3h,-0.4451,0.6931,0.5671,0
F1h,-0.1561,0.7123,0.6843,0
F2h,0.1561,0.7123,0.6843,0
F4h,0.4451,0.6931,0.5671,0
F6h,0.6673,0.6573,0.3502,0
F8h,0.7885,0.6114,0.0660,0
F10h,0.7704,0.5673,-0.2911,0
FT9h,-0.9050,0.2973,-0.3043,0
FT7h,-0.9416,0.3232,0.0941,0
FC5h,-0.8144,0.3522,0.4612,0
FC3h,-0.5507,0.3745,0.7460,0
FC1h,-0.1949,0.3859,0.9017,0
FC2h,0.1940,0.3860,0.9019,0
FC4h,0.5507,0.3745,0.7460,0
FC6h,0.8144,0.3522,0.4612,0
FT8h,0.9412,0.3241,0.0950,0
FT10h,0.9050,0.2973,-0.3043,0
T9h,-0.9510,0.0000,-0.3093,0
T7h,-0.9945,0.0000,0.1050,0
C5h,-0.8658,-0.0000,0.5004,0
C3h,-0.5878,0.0000,0.8090,0
C1h,-0.2080,0.0000,0.9781,0
C2h,0.2080,0.0000,0.9781,0
C4h,0.5873,0.0000,0.8094,0
C6h,0.8658,0.0000,0.5004,0
T8h,0.9945,0.0000,0.1050,0
T10h,0.9510,0.0000,-0.3093,0
TP9h,-0.9050,-0.2973,-0.3043,0
TP7h,-0.9416,-0.3232,0.0941,0
CP5h,-0.8144,-0.3522,0.4612,0
CP3h,-0.5507,-0.3745,0.7460,0
CP1h,-0.1949,-0.3859,0.9017,0
CP2h,0.1940,-0.3860,0.9019,0
CP4h,0.5507,-0.3745,0.7460,0
CP6h,0.8144,-0.3522,0.4612,0
TP8h,0.9413,-0.3241,0.0940,0
TP10h,0.9050,-0.2973,-0.3043,0
P9h,-0.7701,-0.5671,-0.2921,0
P7h,-0.7885,-0.6114,0.0660,0
P5h,-0.6673,-0.6573,0.3502,0
P3h,-0.4451,-0.6931,0.5671,0
P1h,-0.1561,-0.7123,0.6843,0
P2h,0.1561,-0.7123,0.6843,0
P4h,0.4451,-0.6931,0.5671,0
P6h,0.6673,-0.6573,0.3502,0
P8h,0.7885,-0.6114,0.0660,0
P10h,0.7704,-0.5673,-0.2911,0
PO9h,-0.5604,-0.7826,-0.2712,0
PO7h,-0.5523,-0.8334,0.0210,0
PO5h,-0.4435,-0.8780,0.1802,0
PO3h,-0.2871,-0.9103,0.2981,0
PO1h,-0.0991,-0.9276,0.3602,0
PO2h,0.0991,-0.9279,0.3594,0
PO4h,0.2862,-0.9106,0.2982,0
PO6h,0.4435,-0.8780,0.1802,0
PO8h,0.5516,-0.8339,0.0200,0
PO10h,0.5604,-0.7826,-0.2712,0
O1h,-0.1552,-0.9873,-0.0340,0
O2h,0.1562,-0.9871,-0.0340,0
I1h,-0.1371,-0.8965,-0.4212,0
I2h,0.1371,-0.8965,-0.4212,0
AFp9,-0.3963,0.8006,-0.4494,0
AFp7,-0.4512,0.8905,-0.0590,0
AFp5,-0.3671,0.9293,0.0390,0
AFp3,-0.2593,0.9590,0.1141,0
AFp1,-0.1341,0.9778,0.1611,0
AFpz,0.0000,0.9842,0.1772,0
AFp2,0.1341,0.9778,0.1611,0
AFp4,0.2584,0.9594,0.1132,0
AFp6,0.3671,0.9293,0.0390,0
AFp8,0.4512,0.8905,-0.0590,0
AFp10,0.3963,0.8006,-0.4494,0
AFF9,-0.6143,0.6314,-0.4733,0
AFF7,-0.7033,0.7063,-0.0800,0
AFF5,-0.6317,0.7578,0.1632,0
AFF3,-0.4747,0.8011,0.3645,0
AFF1,-0.2542,0.8288,0.4985,0
AFFz,-0.0000,0.8388,0.5445,0
AFF2,0.2542,0.8288,0.4985,0
AFF4,0.4753,0.8005,0.3652,0
AFF6,0.6317,0.7578,0.1632,0
AFF8,0.7033,0.7063,-0.0800,0
AFF10,0.6143,0.6314,-0.4733,0
FFT9,-0.7730,0.4030,-0.4900,0
FFT7,-0.8861,0.4536,-0.0951,0
FFC5,-0.8314,0.4942,0.2541,0
FFC3,-0.6414,0.5303,0.5544,0
FFC1,-0.3494,0.5537,0.7559,0
FFCz,0.0000,0.5625,0.8268,0
FFC2,0.3491,0.5532,0.7563,0
FFC4,0.6414,0.5303,0.5544,0
FFC6,0.8311,0.4946,0.2543,0
FFT8,0.8863,0.4532,-0.0950,0
FFT10,0.7726,0.4033,-0.4904,0
FTT9,-0.8553,0.1390,-0.4992,0
FTT7,-0.9824,0.1561,-0.1030,0
FCC5,-0.9373,0.1721,0.3031,0
FCC3,-0.7319,0.1852,0.6558,0
FCC1,-0.4003,0.1941,0.8956,0
FCCz,0.0000,0.1973,0.9803,0
FCC2,0.3999,0.1940,0.8958,0
FCC4,0.7314,0.1851,0.6564,0
FCC6,0.9373,0.1721,0.3031,0
FTT8,0.9823,0.1562,-0.1031,0
FTT10,0.8557,0.1391,-0.4984,0
TTP9,-0.8553,-0.1390,-0.4992,0
TTP7,-0.9824,-0.1561,-0.1030,0
CCP5,-0.9373,-0.1721,0.3031,0
CCP3,-0.7319,-0.1852,0.6558,0
CCP1,-0.4003,-0.1941,0.8956,0
CCPz,0.0000,-0.1973,0.9803,0
CCP2,0.3999,-0.1940,0.8958,0
CCP4,0.7314,-0.1851,0.6564,0
CCP6,0.9373,-0.1721,0.3031,0
TTP8,0.9823,-0.1562,-0.1031,0
TTP10,0.8557,-0.1391,-0.4984,0
TPP9,-0.7730,-0.4030,-0.4900,0
TPP7,-0.8861,-0.4536,-0.0951,0
CPP5,-0.8314,-0.4942,0.2541,0
CPP3,-0.6414,-0.5303,0.5544,0
CPP1,-0.3494,-0.5537,0.7559,0
CPPz,0.0000,-0.5625,0.8268,0
CPP2,0.3491,-0.5532,0.7563,0
CPP4,0.6414,-0.5303,0.5544,0
CPP6,0.8311,-0.4946,0.2543,0
TPP8,0.8863,-0.4532,-0.0950,0
TPP10,0.7726,-0.4033,-0.4904,0
PPO9,-0.6143,-0.6314,-0.4733,0
PPO7,-0.7033,-0.7063,-0.0800,0
PPO5,-0.6317,-0.7578,0.1632,0
PPO3,-0.4747,-0.8011,0.3645,0
PPO1,-0.2552,-0.8286,0.4983,0
PPOz,0.0000,-0.8388,0.5445,0
PPO2,0.2542,-0.8288,0.4985,0
PPO4,0.4753,-0.8005,0.3652,0
PPO6,0.6317,-0.7578,0.1632,0
PPO8,0.7033,-0.7063,-0.0800,0
PPO10,0.6143,-0.6314,-0.4733,0
POO9,-0.3963,-0.8006,-0.4494,0
POO7,-0.4512,-0.8905,-0.0590,0
POO5,-0.3671,-0.9293,0.0390,0
POO3,-0.2593,-0.9590,0.1141,0
POO1,-0.1341,-0.9778,0.1611,0
POOz,0.0000,-0.9842,0.1772,0
POO2,0.1341,-0.9778,0.1611,0
POO4,0.2584,-0.9594,0.1132,0
POO6,0.3671,-0.9293,0.0390,0
POO8,0.4512,-0.8905,-0.0590,0
POO10,0.3963,-0.8006,-0.4494,0
OI1,-0.2951,-0.9232,-0.2461,0
OIz,-0.0000,-0.9759,-0.2182,0
OI2,0.2954,-0.9231,-0.2463,0
T3,-0.9946,0.0000,-0.1041,0
T5,-0.8050,-0.5867,-0.0881,0
T4,0.9946,0.0000,-0.1041,0
T6,0.8045,-0.5874,-0.0881,0
M1,-0.7012,-0.1289,-0.7012,0
M2,0.7012,-0.1289,-0.7012,0
A1,-0.7071,0.0000,-0.7071,0
A2,0.7071,0.0000,-0.7071,0
