Nz,0.000000,72.950980,-29.039697,1
Iz,0.000000,-67.148332,-11.810873,1
LPA,-51.194345,10.522371,-38.367361,1
RPA,51.194345,10.522371,-38.367361,1
Cz,0.000000,9.669099,57.065869,2
Fpz,0.000000,76.192763,-4.985557,2
AFpz,0.000000,74.788514,7.042926,0
AFz,0.000000,69.562265,17.939122,1
AFFz,0.000000,61.961255,27.399550,0
Fz,0.000000,52.860684,35.442662,2
FFCz,0.000000,42.913045,42.408272,0
FCz,0.000000,32.301363,48.312671,1
FCCz,0.000000,21.177020,53.199785,0
CCPz,0.000000,-2.241942,59.393721,0
CPz,0.000000,-14.328339,58.534904,1
CPPz,0.000000,-26.168585,55.839995,0
Pz,0.000000,-37.226801,50.897908,2
PPOz,0.000000,-46.785427,43.447083,0
POz,0.000000,-54.867555,34.390527,1
POOz,0.000000,-60.731393,23.789685,0
Oz,0.000000,-64.262531,12.183377,2
OIz,0.000000,-66.786826,0.304022,0
T10h,54.927240,10.412141,-26.038928,0
T8,56.982297,10.298810,-13.363433,2
T8h,56.705645,10.183760,-0.495805,0
C6,55.623835,10.069093,12.328945,1
C6h,52.388105,9.958127,24.739801,0
C4,45.384121,9.862004,35.490650,2
C4h,35.842276,9.785107,44.091060,0
C2,24.689644,9.727996,50.478444,1
C2h,12.683833,9.686834,55.082165,0
C1h,-12.739381,9.684340,55.361225,0
C1,-24.770838,9.725127,50.799494,1
C3h,-35.972540,9.781803,44.460540,0
C3,-45.462092,9.859346,35.787851,2
C5h,-52.400845,9.955936,24.984931,0
C5,-55.380476,10.067602,12.495743,1
T7h,-56.320571,10.182544,-0.359755,0
T7,-56.532659,10.297659,-13.234568,2
T9h,-54.620599,10.411451,-25.961635,0
Fp1h,-9.291909,75.244013,-7.549347,0
Fp1,-18.351927,72.683795,-9.849278,2
AFp7,-26.987832,68.752543,-11.859305,0
AF7,-34.891251,63.406996,-13.485203,1
AFF7,-40.618348,55.633837,-14.186711,0
F7,-45.541281,47.284287,-14.585843,2
FFT7,-49.206369,38.303289,-14.545029,0
FT7,-52.599707,29.214307,-14.412643,1
FTT7,-55.144655,19.861844,-14.003375,0
O1h,-10.718606,-64.509911,9.122396,0
O1,-21.158744,-62.409019,5.854679,2
POO7,-30.874123,-58.076965,2.523247,0
PO7,-39.288914,-51.539244,-0.702714,1
PPO7,-45.791466,-43.004524,-3.621299,0
P7,-50.073086,-33.019068,-6.076706,2
TPP7,-53.051574,-22.477299,-8.224297,0
TP7,-55.190500,-11.694342,-10.159241,1
TTP7,-56.576851,-0.755585,-11.896190,0
Fp2h,9.405940,75.449984,-7.607254,0
Fp2,18.632927,73.216536,-9.995127,2
AFp8,27.380413,69.323572,-12.041868,0
AF8,35.312700,63.846491,-13.659882,1
AFF8,41.188924,56.075328,-14.404544,0
F8,46.260811,47.704614,-14.843961,2
FFT8,50.365362,38.818186,-14.941378,0
FT8,53.297020,29.472576,-14.644426,1
FTT8,55.533528,19.949194,-14.125277,0
O2h,10.658610,-64.017713,9.079711,0
O2,21.082536,-62.063091,5.834723,2
POO8,30.744071,-57.745452,2.520743,0
PO8,38.914131,-50.959167,-0.664885,1
PPO8,45.583192,-42.641028,-3.604905,0
P8,49.817362,-32.680392,-6.043523,2
TPP8,52.790676,-22.198342,-8.182273,0
TP8,55.265572,-11.556749,-10.196789,1
TTP8,56.911055,-0.722294,-11.995692,0
AFp5,-23.529161,71.223727,-3.831852,0
AFp3,-17.339565,73.192982,2.434549,0
AFp1,-8.986739,74.302408,5.779772,0
AFp6,24.081044,71.805186,-3.722930,0
AFp4,17.802952,73.682144,2.712937,0
AFp2,9.222265,74.591652,6.042187,0
AF5,-31.882560,65.802241,-0.879354,1
AF3,-24.493820,67.837091,9.657183,1
AF1,-12.955722,69.071812,15.798653,1
AF6,32.619816,66.255751,-0.775998,1
AF4,24.983744,68.214963,9.895687,1
AF2,13.179674,69.276659,15.952467,1
AFF7h,-40.006143,56.828947,-6.053123,0
AFF5,-38.495000,58.009664,1.946722,0
AFF5h,-35.215059,59.122197,9.411250,0
AFF3,-30.161214,60.091974,15.831304,0
AFF3h,-23.552540,60.838028,20.662773,0
AFF1,-16.045138,61.372971,24.017746,0
AFF1h,-8.169673,61.767289,26.398234,0
AFF8h,40.556264,57.275144,-6.189640,0
AFF6,39.175280,58.455566,1.922404,0
AFF6h,35.668111,59.528065,9.381777,0
AFF4,30.498212,60.441452,15.820722,0
AFF4h,23.822053,61.118800,20.707990,0
AFF2,16.235793,61.572880,24.107189,0
AFF2h,8.259671,61.872145,26.465010,0
F7h,-44.667878,48.304934,-5.088910,0
F5,-43.559759,49.323468,4.377555,1
F5h,-40.113365,50.290302,13.254344,0
F3,-34.630993,51.151871,21.054777,2
F3h,-27.236244,51.834587,27.096778,0
F1,-18.617310,52.324140,31.278099,1
F1h,-9.503960,52.685804,34.241918,0
F8h,45.301670,48.725620,-5.260102,0
F6,44.173928,49.743352,4.300799,1
F6h,40.630146,50.683592,13.247816,0
F4,34.996911,51.493664,21.073842,2
F4h,27.480312,52.104489,27.123980,0
F2,18.832272,52.527256,31.468535,1
F2h,9.622548,52.802160,34.457102,0
FFT7h,-48.479884,39.122636,-3.845947,0
FFC5,-47.745583,39.941469,6.845829,0
FFC5h,-44.467517,40.735272,17.026417,0
FFC3,-38.610230,41.450077,25.985154,0
FFC3h,-30.453592,42.024221,32.932962,0
FFC1,-20.883007,42.448255,37.809537,0
FFC1h,-10.663082,42.757375,41.131584,0
FFT8h,49.227284,39.632424,-4.175409,0
FFC6,48.300468,40.449397,6.611252,0
FFC6h,44.968143,41.214688,16.892621,0
FFC4,39.031718,41.870454,25.923858,0
FFC4h,30.738004,42.355802,32.888234,0
FFC2,21.109787,42.683199,37.875847,0
FFC2h,10.771862,42.877953,41.174023,0
FT7h,-51.888248,29.765085,-2.753228,0
FC5,-51.016257,30.315533,8.890499,1
FC5h,-47.756929,30.850556,20.077705,0
FC3,-41.679514,31.334060,30.018613,1
FC3h,-33.023906,31.722293,37.796885,0
FC1,-22.658303,32.001328,43.163577,1
FC1h,-11.573532,32.203014,46.848703,0
FT8h,52.484800,30.021675,-2.938460,0
FC6,51.401033,30.569159,8.747911,1
FC6h,48.102660,31.089257,19.972204,0
FC4,41.927188,31.542023,29.921756,1
FC4h,33.191748,31.886122,37.701563,0
FC2,22.775325,32.113922,43.102119,1
FC2h,11.621753,32.257734,46.758664,0
FTT7h,-54.580526,20.095509,-1.667890,0
FCC5,-53.267598,20.328854,10.618533,0
FCC5h,-50.070514,20.556275,22.510981,0
FCC3,-43.637491,20.760147,33.019096,0
FCC3h,-34.646790,20.926680,41.442672,0
FCC1,-23.861478,21.048694,47.434441,0
FCC1h,-12.200541,21.134761,51.487237,0
FTT8h,54.998543,20.182338,-1.770222,0
FCC6,53.636679,20.413788,10.530612,0
FCC6h,50.244419,20.635280,22.391676,0
FCC4,43.739904,20.828312,32.880916,0
FCC4h,34.706066,20.979815,41.281563,0
FCC2,23.888972,21.084068,47.259571,0
FCC2h,12.198983,21.150976,51.299479,0
TTP7h,-57.091804,-1.031860,1.210785,0
CCP5,-56.785385,-1.308046,14.324294,0
CCP5h,-53.858993,-1.575250,27.045662,0
CCP3,-46.457455,-1.800177,37.818636,0
CCP3h,-36.589412,-1.978840,46.427860,0
CCP1,-25.258411,-2.114726,53.025722,0
CCP1h,-12.939901,-2.204891,57.466212,0
TTP8h,57.043388,-0.997485,1.068310,0
CCP6,56.683972,-1.272616,14.123114,0
CCP6h,53.545746,-1.539364,26.743626,0
CCP4,46.202165,-1.767312,37.467657,0
CCP4h,36.323655,-1.949497,45.986421,0
CCP2,25.051088,-2.091458,52.577713,0
CCP2h,12.853784,-2.191883,57.185332,0
TP7h,-56.494869,-12.199017,2.630435,0
CP5,-56.303443,-12.704177,15.479277,1
CP5h,-53.155756,-13.188034,27.879169,0
CP3,-45.890880,-13.594704,38.445677,1
CP3h,-36.113824,-13.909624,46.758333,0
CP1,-24.917142,-14.144378,53.077354,1
CP1h,-12.773921,-14.293570,57.250746,0
TP8h,56.223978,-12.057049,2.552574,0
CP6,55.930424,-12.560111,15.332897,1
CP6h,52.844785,-13.049093,27.667775,0
CP4,45.580754,-13.470114,38.143973,1
CP4h,35.804911,-13.805230,46.357485,0
CP2,24.718613,-14.069825,52.737035,1
CP2h,12.689477,-14.252586,57.006548,0
TPP7h,-54.292979,-23.201976,3.834660,0
CPP5,-53.895755,-23.924867,15.936654,0
CPP5h,-50.444333,-24.608131,27.511963,0
CPP3,-43.630321,-25.187381,37.497966,0
CPP3h,-34.341312,-25.627867,45.274347,0
CPP1,-23.597181,-25.936161,50.905650,0
CPP1h,-12.068386,-26.129870,54.656311,0
TPP8h,53.986866,-22.912804,3.814307,0
CPP6,53.586220,-23.633270,15.840252,0
CPP6h,50.098563,-24.330123,27.334254,0
CPP4,43.174645,-24.935943,37.153705,0
CPP4h,34.008771,-25.427672,44.966297,0
CPP2,23.390748,-25.797568,50.677680,0
CPP2h,11.990136,-26.061125,54.576661,0
P7h,-50.619229,-33.859219,4.830638,0
P5,-49.613747,-34.691255,15.701400,1
P5h,-46.069145,-35.470470,25.997719,0
P3,-39.576832,-36.119984,34.737434,2
P3h,-31.038789,-36.614400,41.550026,0
P1,-21.374725,-36.975061,46.672341,1
P1h,-10.883296,-37.178412,49.784567,0
P8h,50.381042,-33.512214,4.804797,0
P6,49.094494,-34.345200,15.586028,1
P6h,45.634543,-35.146901,25.863578,0
P4,39.395366,-35.850191,34.737164,2
P4h,30.853915,-36.395059,41.447064,0
P2,21.230663,-36.817770,46.519432,1
P2h,10.817350,-37.096884,49.688275,0
PPO7h,-45.345311,-43.782971,5.643655,0
PPO5,-43.566749,-44.541604,14.736557,0
PPO5h,-39.568236,-45.228998,23.088713,0
PPO3,-33.785772,-45.817313,30.349007,0
PPO3h,-26.570408,-46.280125,36.186869,0
PPO1,-18.245917,-46.594258,40.311812,0
PPO1h,-9.275010,-46.762681,42.737178,0
PPO8h,45.146050,-43.420296,5.627935,0
PPO6,43.220724,-44.188843,14.662869,0
PPO6h,39.284313,-44.908035,23.016393,0
PPO4,33.782255,-45.555955,30.449390,0
PPO4h,26.515674,-46.063016,36.126001,0
PPO2,18.156065,-46.433619,40.130415,0
PPO2h,9.238481,-46.681541,42.651524,0
PO7h,-37.957246,-52.267974,6.454836,0
PO5,-35.516973,-52.958118,13.318700,1
PO5h,-32.041092,-53.593052,19.722544,0
PO3,-27.176056,-54.115814,25.139984,1
PO3h,-21.113197,-54.490514,29.209424,0
PO1,-14.396714,-54.738167,32.095059,1
PO1h,-7.295894,-54.865926,33.846816,0
PO8h,37.807627,-51.708149,6.512455,0
PO6,35.474004,-52.434646,13.383158,1
PO6h,32.002426,-53.118900,19.762199,0
PO4,27.134917,-53.711163,25.148838,1
PO4h,21.073208,-54.171523,29.170987,0
PO2,14.335168,-54.509116,31.954604,1
PO2h,7.269388,-54.749349,33.771118,0
POO5,-26.283129,-59.237891,11.463052,0
POO3,-19.291955,-60.159908,18.698673,0
POO1,-10.075752,-60.647436,22.748283,0
POO6,26.622560,-58.975109,11.625698,0
POO4,19.155136,-59.905237,18.336507,0
POO2,10.049213,-60.526575,22.652556,0
I1h,-10.181592,-65.990686,-15.335184,0
I1,-19.708194,-62.352661,-18.946959,1
POO9,-28.160314,-56.555689,-22.467329,0
PO9,-35.335468,-49.128266,-25.764043,1
PPO9,-41.339434,-40.648553,-28.801138,0
P9,-45.398344,-30.917504,-31.346042,1
TPP9,-48.732623,-20.857895,-33.690655,0
TP9,-51.747640,-10.686050,-35.943024,1
AF9,-33.848078,61.010170,-38.814348,1
AFF9,-41.640228,56.022461,-40.789247,0
F9,-47.393654,48.324047,-41.753601,1
FFT9,-50.072460,39.125133,-41.512158,0
FT9,-51.507179,29.581589,-40.815095,1
FTT9,-51.912775,19.977081,-39.768697,0
I2h,10.063667,-65.439793,-15.363760,0
I2,19.515016,-61.656112,-18.968452,1
POO10,27.974990,-55.916464,-22.484380,0
PO10,35.194325,-48.573824,-25.785343,1
PPO10,41.388094,-40.276883,-28.863008,0
P10,45.538685,-30.620786,-31.429148,1
TPP10,48.980702,-20.651336,-33.798460,0
TP10,51.904078,-10.491216,-36.018945,1
AF10,34.546139,61.914681,-39.157452,1
AFF10,42.541775,56.854518,-41.191030,0
F10,48.262112,49.068559,-42.133630,1
FFT10,50.395196,39.504704,-41.666038,0
FT10,51.977982,29.826667,-41.001619,1
FTT10,52.612075,20.079815,-40.013613,0
OI1h,-10.605450,-66.514497,-2.993762,0
OI1,-20.714801,-63.544223,-6.469209,0
POO9h,-29.967489,-58.460534,-9.939760,0
PO9h,-37.922267,-51.463877,-13.245050,0
PPO9h,-44.141030,-42.779704,-16.222620,0
P9h,-47.975236,-32.633838,-18.645192,0
TPP9h,-50.994923,-22.156671,-20.857617,0
AFF9h,-41.777612,55.592661,-27.540965,0
F9h,-47.338516,47.792144,-28.297470,0
FFT9h,-50.426894,38.744525,-28.140205,0
FT9h,-52.766040,29.432717,-27.719965,0
FTT9h,-54.143608,19.951388,-26.982991,0
OI2h,10.508059,-65.887985,-3.037215,0
OI2,20.631219,-63.069145,-6.495204,0
POO10h,29.724485,-57.827727,-9.933152,0
PO10h,37.601855,-50.777871,-13.218667,0
PPO10h,43.982724,-42.288730,-16.220256,0
P10h,47.789824,-32.182226,-18.628475,0
TPP10h,51.027865,-21.832692,-20.891470,0
AFF10h,42.314591,56.038779,-27.747646,0
F10h,48.167485,48.344807,-28.605244,0
FFT10h,51.270047,39.199249,-28.439379,0
FT10h,52.800588,29.627318,-27.737917,0
FTT10h,54.241712,20.052633,-27.008623,0
AFp9,-24.932879,63.697585,-36.183536,0
TTP9,-50.123518,-0.117729,-36.703197,0
AFp10,25.416778,64.272086,-36.414919,0
TTP10,50.196877,-0.017549,-36.739883,0
AFp9h,-26.563910,66.340718,-24.174187,0
AF9h,-34.879467,62.022260,-26.204978,0
TTP9h,-54.879027,-0.637042,-24.688279,0
TP9h,-53.407513,-11.495197,-22.905741,0
AFp10h,27.068586,67.260226,-24.433661,0
AF10h,35.360100,62.668387,-26.420980,0
TTP10h,55.302616,-0.586746,-24.807526,0
TP10h,53.820156,-11.328255,-23.036365,0
